-- MySQL dump 10.13  Distrib 8.0.17, for Win64 (x86_64)
--
-- Host: localhost    Database: pingcrm
-- ------------------------------------------------------
-- Server version	5.7.31-0ubuntu0.18.04.1

/*!40101 SET @OLD_CHARACTER_SET_CLIENT=@@CHARACTER_SET_CLIENT */;
/*!40101 SET @OLD_CHARACTER_SET_RESULTS=@@CHARACTER_SET_RESULTS */;
/*!40101 SET @OLD_COLLATION_CONNECTION=@@COLLATION_CONNECTION */;
/*!50503 SET NAMES utf8 */;
/*!40103 SET @OLD_TIME_ZONE=@@TIME_ZONE */;
/*!40103 SET TIME_ZONE='+00:00' */;
/*!40014 SET @OLD_UNIQUE_CHECKS=@@UNIQUE_CHECKS, UNIQUE_CHECKS=0 */;
/*!40014 SET @OLD_FOREIGN_KEY_CHECKS=@@FOREIGN_KEY_CHECKS, FOREIGN_KEY_CHECKS=0 */;
/*!40101 SET @OLD_SQL_MODE=@@SQL_MODE, SQL_MODE='NO_AUTO_VALUE_ON_ZERO' */;
/*!40111 SET @OLD_SQL_NOTES=@@SQL_NOTES, SQL_NOTES=0 */;

--
-- Table structure for table `accounts`
--

DROP TABLE IF EXISTS `accounts`;
/*!40101 SET @saved_cs_client     = @@character_set_client */;
/*!50503 SET character_set_client = utf8mb4 */;
CREATE TABLE `accounts` (
  `id` int(10) unsigned NOT NULL AUTO_INCREMENT,
  `name` varchar(50) COLLATE utf8mb4_unicode_ci NOT NULL,
  `created_at` timestamp NULL DEFAULT NULL,
  `updated_at` timestamp NULL DEFAULT NULL,
  PRIMARY KEY (`id`)
) ENGINE=MyISAM AUTO_INCREMENT=2 DEFAULT CHARSET=utf8mb4 COLLATE=utf8mb4_unicode_ci;
/*!40101 SET character_set_client = @saved_cs_client */;

--
-- Dumping data for table `accounts`
--

LOCK TABLES `accounts` WRITE;
/*!40000 ALTER TABLE `accounts` DISABLE KEYS */;
INSERT INTO `accounts` VALUES (1,'Acme Corporation','2020-11-12 06:14:51','2020-11-12 06:14:51');
/*!40000 ALTER TABLE `accounts` ENABLE KEYS */;
UNLOCK TABLES;

--
-- Table structure for table `contacts`
--

DROP TABLE IF EXISTS `contacts`;
/*!40101 SET @saved_cs_client     = @@character_set_client */;
/*!50503 SET character_set_client = utf8mb4 */;
CREATE TABLE `contacts` (
  `id` int(10) unsigned NOT NULL AUTO_INCREMENT,
  `account_id` int(11) NOT NULL,
  `organization_id` int(11) DEFAULT NULL,
  `first_name` varchar(25) COLLATE utf8mb4_unicode_ci NOT NULL,
  `last_name` varchar(25) COLLATE utf8mb4_unicode_ci NOT NULL,
  `email` varchar(50) COLLATE utf8mb4_unicode_ci DEFAULT NULL,
  `phone` varchar(50) COLLATE utf8mb4_unicode_ci DEFAULT NULL,
  `address` varchar(150) COLLATE utf8mb4_unicode_ci DEFAULT NULL,
  `city` varchar(50) COLLATE utf8mb4_unicode_ci DEFAULT NULL,
  `region` varchar(50) COLLATE utf8mb4_unicode_ci DEFAULT NULL,
  `country` varchar(2) COLLATE utf8mb4_unicode_ci DEFAULT NULL,
  `postal_code` varchar(25) COLLATE utf8mb4_unicode_ci DEFAULT NULL,
  `created_at` timestamp NULL DEFAULT NULL,
  `updated_at` timestamp NULL DEFAULT NULL,
  `deleted_at` timestamp NULL DEFAULT NULL,
  PRIMARY KEY (`id`),
  KEY `contacts_account_id_index` (`account_id`),
  KEY `contacts_organization_id_index` (`organization_id`)
) ENGINE=MyISAM AUTO_INCREMENT=102 DEFAULT CHARSET=utf8mb4 COLLATE=utf8mb4_unicode_ci;
/*!40101 SET character_set_client = @saved_cs_client */;

--
-- Dumping data for table `contacts`
--

LOCK TABLES `contacts` WRITE;
/*!40000 ALTER TABLE `contacts` DISABLE KEYS */;
INSERT INTO `contacts` VALUES (1,1,45,'Lennie','Schinner','stroman.arvel@example.com','877.676.7634','8657 Willms Motorway','Bennettmouth','Maryland','US','51111','2020-11-12 06:14:51','2020-11-12 06:14:51',NULL),(2,1,24,'Johathan','Rempel','donnell29@example.org','800.653.6523','877 Halvorson Mountain Suite 241','East Clarabelle','Kentucky','US','81105','2020-11-12 06:14:51','2020-11-12 06:14:51',NULL),(3,1,85,'Cassandre','McDermott','linnea.runolfsdottir@example.org','800.955.6793','6587 Walsh Turnpike Suite 495','Geovanniton','Colorado','US','50475','2020-11-12 06:14:51','2020-11-12 06:14:51',NULL),(4,1,6,'Allie','Watsica','simone.spinka@example.com','1-855-344-7239','345 Jacobs Haven Suite 408','Baileyburgh','Kentucky','US','70474-1306','2020-11-12 06:14:51','2020-11-12 06:14:51',NULL),(5,1,25,'Mervin','Murphy','kreiger.yoshiko@example.org','855-336-9026','37180 Toy Greens','Hassieland','Pennsylvania','US','66541-6628','2020-11-12 06:14:51','2020-11-12 06:14:51',NULL),(6,1,30,'Austyn','Schiller','hammes.jaquan@example.org','1-877-585-2636','51432 Justus Bypass Apt. 868','Donnamouth','Kentucky','US','77157','2020-11-12 06:14:51','2020-11-12 06:14:51',NULL),(7,1,96,'Doyle','Pacocha','camille.wintheiser@example.org','(866) 480-2268','125 Damion Oval Apt. 919','Kohlerton','Maine','US','40166','2020-11-12 06:14:51','2020-11-12 06:14:51',NULL),(8,1,9,'Cindy','Feest','vergie.damore@example.org','1-855-653-0622','322 Haven Ranch Suite 531','Kozeyville','Pennsylvania','US','81175-3627','2020-11-12 06:14:51','2020-11-12 06:14:51',NULL),(9,1,89,'Destany','Powlowski','kenya.gerhold@example.com','800.439.4302','343 Judy Way Apt. 569','Port Alexandreaton','Alabama','US','99201-2327','2020-11-12 06:14:51','2020-11-12 06:14:51',NULL),(10,1,65,'Jaiden','Romaguera','clueilwitz@example.net','855.822.4948','165 Lucienne Fields','New Lyda','Vermont','US','89322','2020-11-12 06:14:51','2020-11-12 06:14:51',NULL),(11,1,5,'Petra','Bailey','aracely32@example.net','(866) 746-6659','58838 Amara Skyway','Bradtkeshire','Idaho','US','22284-7076','2020-11-12 06:14:51','2020-11-12 06:14:51',NULL),(12,1,42,'Jaeden','Johnston','douglas.delfina@example.net','(800) 835-1421','39619 Maryse Harbor','Camillefort','Ohio','US','74438-4182','2020-11-12 06:14:51','2020-11-12 06:14:51',NULL),(13,1,69,'Marge','Block','beer.alfreda@example.net','1-866-457-3059','21147 Stiedemann Fields','Rennermouth','Louisiana','US','72371-8114','2020-11-12 06:14:51','2020-11-12 06:14:51',NULL),(14,1,18,'Narciso','Gutkowski','bmayert@example.com','(866) 967-5270','14032 Brakus Cliff Suite 273','Dellfurt','Ohio','US','18880-9676','2020-11-12 06:14:51','2020-11-12 06:14:51',NULL),(15,1,86,'Rowan','Connelly','green.santina@example.net','(888) 512-8120','3810 Kihn Inlet Apt. 732','West Gregoriachester','Michigan','US','04889-2898','2020-11-12 06:14:51','2020-11-12 06:14:51',NULL),(16,1,70,'Tyrique','Conn','eoconner@example.net','(844) 610-3161','92553 Ruecker Mills Apt. 126','Moenfurt','Kansas','US','45206-8708','2020-11-12 06:14:51','2020-11-12 06:14:51',NULL),(17,1,18,'Camylle','Herman','ratke.leilani@example.net','844-567-5509','86874 Larson Squares Suite 678','Bartbury','Louisiana','US','37875-4212','2020-11-12 06:14:51','2020-11-12 06:14:51',NULL),(18,1,5,'Nathen','Bayer','bwyman@example.org','800-774-7177','761 Konopelski Neck','East Marjolainestad','South Carolina','US','72285-5470','2020-11-12 06:14:51','2020-11-12 06:14:51',NULL),(19,1,75,'Carlotta','Keeling','damore.leonard@example.org','800-381-7232','5807 Koch Flat','Krisport','Vermont','US','89392','2020-11-12 06:14:51','2020-11-12 06:14:51',NULL),(20,1,83,'Nayeli','Jerde','marilie.orn@example.org','1-800-678-9265','237 McKenzie Alley','Franeckiland','Michigan','US','46611','2020-11-12 06:14:51','2020-11-12 06:14:51',NULL),(21,1,14,'Johan','Rau','kessler.myrtice@example.net','800.899.5710','29847 Yolanda Isle','Kennychester','California','US','76619','2020-11-12 06:14:51','2020-11-12 06:14:51',NULL),(22,1,95,'Jaron','Dickens','rzboncak@example.org','1-800-987-9276','785 Heller Ville','Port Clyde','New Mexico','US','18926','2020-11-12 06:14:51','2020-11-12 06:14:51',NULL),(23,1,46,'Ayla','Langworth','eschulist@example.com','866-773-1642','2713 Tremblay Valleys','East Nathanial','Mississippi','US','75551','2020-11-12 06:14:51','2020-11-12 06:14:51',NULL),(24,1,16,'Gordon','Hyatt','fpurdy@example.org','855-708-7858','829 Olin Locks','South Kenny','West Virginia','US','79127-9179','2020-11-12 06:14:51','2020-11-12 06:14:51',NULL),(25,1,76,'Pauline','Mraz','schiller.lucius@example.com','877.971.9381','34226 Kamille Canyon','Port Faymouth','Iowa','US','10018','2020-11-12 06:14:51','2020-11-12 06:14:51',NULL),(26,1,37,'Brayan','Goodwin','noah01@example.org','800-454-2203','959 Deshaun Terrace Suite 035','East Liza','District of Columbia','US','99098-9811','2020-11-12 06:14:51','2020-11-12 06:14:51',NULL),(27,1,98,'Eduardo','Labadie','pwaters@example.net','855-950-8578','47692 Tremblay Bridge Suite 610','Kunzehaven','Alaska','US','16678-7657','2020-11-12 06:14:51','2020-11-12 06:14:51',NULL),(28,1,55,'Sydnee','Witting','tabitha.kub@example.org','(800) 886-0105','79031 Meredith Trail Suite 198','New Michelle','Montana','US','21131-1009','2020-11-12 06:14:51','2020-11-12 06:14:51',NULL),(29,1,39,'Consuelo','Medhurst','edubuque@example.net','(877) 307-4505','5121 Konopelski Ports','North Gianni','Florida','US','68433-5542','2020-11-12 06:14:51','2020-11-12 06:14:51',NULL),(30,1,48,'Mayra','McGlynn','connelly.abby@example.com','855-874-2986','34430 Champlin Common','South Evalynport','Texas','US','13487-2573','2020-11-12 06:14:51','2020-11-12 06:14:51',NULL),(31,1,55,'Catharine','Kuhn','jayson36@example.net','877.307.1049','767 Maddison Expressway Suite 605','Phyllisview','Rhode Island','US','93305-1880','2020-11-12 06:14:51','2020-11-12 06:14:51',NULL),(32,1,57,'Karelle','McKenzie','gerard37@example.net','1-888-690-8856','263 Lavern Valley','West Alessia','Maryland','US','97792','2020-11-12 06:14:51','2020-11-12 06:14:51',NULL),(33,1,45,'Jeremy','Adams','fparker@example.net','888-462-9054','5445 Ferry Port Suite 202','Busterburgh','Alabama','US','66979','2020-11-12 06:14:51','2020-11-12 06:14:51',NULL),(34,1,63,'Marcellus','Auer','cleta73@example.com','(855) 775-0283','591 Moen Common','Port Yazminchester','California','US','13195','2020-11-12 06:14:51','2020-11-12 06:14:51',NULL),(35,1,100,'Joany','Murray','berry.trantow@example.com','888-758-8158','9586 Schaefer Lights','Dulcestad','Nebraska','US','22589','2020-11-12 06:14:51','2020-11-12 06:14:51',NULL),(36,1,90,'Jaclyn','Sauer','conrad.effertz@example.org','(866) 591-2905','545 Maverick Hills','Scottyland','Iowa','US','74307','2020-11-12 06:14:51','2020-11-12 06:14:51',NULL),(37,1,51,'Aileen','Zboncak','ohintz@example.net','800.309.2912','469 Amelie Meadows','South Ashley','South Carolina','US','75999-8096','2020-11-12 06:14:51','2020-11-12 06:14:51',NULL),(38,1,72,'Berta','Durgan','lorna12@example.net','1-844-401-4993','9144 Raoul Flats','Lubowitzstad','Maryland','US','17028','2020-11-12 06:14:51','2020-11-12 06:14:51',NULL),(39,1,52,'Annamae','Fahey','carroll.fritsch@example.org','1-855-864-2227','295 Elfrieda Radial','Terrybury','Illinois','US','59971-2509','2020-11-12 06:14:51','2020-11-12 06:14:51',NULL),(40,1,70,'Otis','Fisher','murphy.vidal@example.org','888-994-1931','545 Horacio Freeway Suite 175','Lake Delaneyburgh','Pennsylvania','US','47564-6904','2020-11-12 06:14:51','2020-11-12 06:14:51',NULL),(41,1,33,'Tavares','Schuppe','bernard.gorczany@example.net','888-769-6282','57982 Daugherty Mall','North Scarlett','Texas','US','24530-2772','2020-11-12 06:14:51','2020-11-12 06:14:51',NULL),(42,1,57,'Mathias','Boyer','btorp@example.net','855-868-9799','6393 Ferry Drives','East Sidney','Connecticut','US','16815','2020-11-12 06:14:51','2020-11-12 06:14:51',NULL),(43,1,14,'Annabelle','Kreiger','kayli.morar@example.com','866-982-4384','551 Erdman Drive Apt. 836','Collierburgh','South Dakota','US','12643-5014','2020-11-12 06:14:51','2020-11-12 06:14:51',NULL),(44,1,9,'Baby','Zboncak','winfield64@example.com','1-855-423-6499','54492 Shemar Street','Micaelaville','Delaware','US','08297-5802','2020-11-12 06:14:51','2020-11-12 06:14:51',NULL),(45,1,16,'Sherwood','Corwin','vandervort.javier@example.org','888-764-2884','222 Garry Crest Apt. 139','Port Emmalee','Colorado','US','72338-1775','2020-11-12 06:14:51','2020-11-12 06:14:51',NULL),(46,1,70,'Arnold','Heller','fern.morissette@example.net','855.455.7118','113 Emilio Spurs Apt. 178','East Watson','North Dakota','US','67184','2020-11-12 06:14:51','2020-11-12 06:14:51',NULL),(47,1,24,'Savion','Bayer','zkuhn@example.com','844-292-5965','286 Jaylin Ways Apt. 769','Yundtville','Nebraska','US','72161','2020-11-12 06:14:51','2020-11-12 06:14:51',NULL),(48,1,7,'Rex','Goldner','stehr.judd@example.org','(877) 291-4594','81559 Rogahn Expressway Suite 259','Pedrotown','Indiana','US','47673-9146','2020-11-12 06:14:51','2020-11-12 06:14:51',NULL),(49,1,87,'Cletus','Schroeder','weissnat.javon@example.com','888.347.2262','7893 Leonel Ports Suite 008','Anabury','District of Columbia','US','23940-4837','2020-11-12 06:14:51','2020-11-12 06:14:51',NULL),(50,1,73,'Turner','Reilly','margarett49@example.net','(855) 205-3672','58548 Walter Spur','Coleland','Connecticut','US','68523','2020-11-12 06:14:51','2020-11-12 06:14:51',NULL),(51,1,78,'Ray','Paucek','amir.sawayn@example.com','888-508-0118','3182 Fay Port Suite 116','Gussieland','Maryland','US','71043','2020-11-12 06:14:51','2020-11-12 06:14:51',NULL),(52,1,58,'Jennings','Orn','coralie.hermiston@example.com','(866) 310-1476','74560 Madeline Groves Suite 351','South Craig','Arkansas','US','96889','2020-11-12 06:14:51','2020-11-12 06:14:51',NULL),(53,1,56,'Eulah','Effertz','clemens.harris@example.net','1-888-299-5012','95507 Anderson Corners Apt. 474','East Virgilton','District of Columbia','US','91114','2020-11-12 06:14:51','2020-11-12 06:14:51',NULL),(54,1,75,'Therese','Koss','macy.padberg@example.com','800-523-7488','9764 D\'Amore Shoals Apt. 179','Jodieville','West Virginia','US','97318-5895','2020-11-12 06:14:51','2020-11-12 06:14:51',NULL),(55,1,41,'Maeve','Boyer','wolf.arthur@example.net','800.672.6680','859 Rosenbaum Lodge','Runteborough','Tennessee','US','57346-4779','2020-11-12 06:14:51','2020-11-12 06:14:51',NULL),(56,1,98,'Randy','Johnson','gmitchell@example.net','1-866-971-7465','2903 Weissnat Lodge','Cronamouth','Georgia','US','12767','2020-11-12 06:14:51','2020-11-12 06:14:51',NULL),(57,1,78,'Sonya','Brakus','kris40@example.org','855.737.2166','7623 Pamela Pike Suite 956','Hermannbury','Colorado','US','73492-0479','2020-11-12 06:14:51','2020-11-12 06:14:51',NULL),(58,1,37,'Jules','Romaguera','rachael12@example.net','855.405.9903','204 O\'Reilly Row Apt. 248','North Jackelineburgh','Massachusetts','US','01234-0935','2020-11-12 06:14:51','2020-11-12 06:14:51',NULL),(59,1,20,'Laurianne','Haley','bahringer.natalia@example.org','855-525-3502','50656 Walter Extension','East Burley','Michigan','US','59882','2020-11-12 06:14:51','2020-11-12 06:14:51',NULL),(60,1,49,'Jadon','Parisian','ohara.guadalupe@example.org','1-877-612-3316','78139 Mayert Lake Apt. 020','Lake Nikko','Nebraska','US','50203-9752','2020-11-12 06:14:51','2020-11-12 06:14:51',NULL),(61,1,54,'Alvina','Konopelski','eduardo00@example.com','1-866-612-4775','10787 Zula Route','Audiefurt','Mississippi','US','63642-6839','2020-11-12 06:14:51','2020-11-12 06:14:51',NULL),(62,1,3,'Garnett','Pollich','luisa43@example.com','(877) 404-9596','95136 Beverly Land Suite 148','Myrtieside','Colorado','US','48231','2020-11-12 06:14:51','2020-11-12 06:14:51',NULL),(63,1,14,'Kitty','Graham','jgrant@example.net','(844) 995-7848','45547 Lehner Meadows Apt. 355','North Charleyfurt','Wisconsin','US','70843','2020-11-12 06:14:51','2020-11-12 06:14:51',NULL),(64,1,2,'Myrtie','Wuckert','maye.grimes@example.org','(877) 733-1502','9283 Stroman Ranch','North Nina','New Mexico','US','46271-8608','2020-11-12 06:14:51','2020-11-12 06:14:51',NULL),(65,1,53,'Elinor','Gislason','margot91@example.com','1-800-955-4207','1082 Gerhold Trace','West Mayebury','Delaware','US','61899-7508','2020-11-12 06:14:51','2020-11-12 06:14:51',NULL),(66,1,35,'Pietro','Ebert','fredy.kautzer@example.org','800-516-0207','6987 Steuber Port','Rohanfurt','Washington','US','42750-4682','2020-11-12 06:14:51','2020-11-12 06:14:51',NULL),(67,1,67,'Francesco','Greenholt','awisozk@example.org','(888) 542-3440','17448 Yundt Rapid Suite 198','Williamsonton','South Dakota','US','17675-9269','2020-11-12 06:14:51','2020-11-12 06:14:51',NULL),(68,1,100,'Frida','Bosco','eunice07@example.net','844-651-3833','71651 Nya Gardens Apt. 364','Stanfordview','Indiana','US','89515-3170','2020-11-12 06:14:51','2020-11-12 06:14:51',NULL),(69,1,19,'Ernesto','VonRueden','dena58@example.com','877-433-9396','3944 Emile Junctions','West Weston','Kentucky','US','31992','2020-11-12 06:14:51','2020-11-12 06:14:51',NULL),(70,1,47,'Rosamond','Heller','ifunk@example.net','1-800-519-4640','903 Lynch Manor Suite 626','Rutherfordfort','Alabama','US','01362','2020-11-12 06:14:51','2020-11-12 06:14:51',NULL),(71,1,64,'Catherine','Purdy','valentina69@example.net','1-888-958-0620','9128 Rusty Bridge','East Maximusside','Georgia','US','17884-1103','2020-11-12 06:14:51','2020-11-12 06:14:51',NULL),(72,1,9,'Malinda','Yundt','yspencer@example.org','877.271.1339','8073 Rubye Roads','Port Vivien','New Hampshire','US','07627-9714','2020-11-12 06:14:51','2020-11-12 06:14:51',NULL),(73,1,75,'Chanel','Kuhn','fahey.patience@example.com','866-671-9632','36646 Columbus Viaduct','Lake Sid','Michigan','US','56481','2020-11-12 06:14:51','2020-11-12 06:14:51',NULL),(74,1,42,'Carlee','Feil','daugherty.loy@example.org','888.485.1726','1390 Ayla Manor Suite 030','Monahanside','Colorado','US','80758-0501','2020-11-12 06:14:51','2020-11-12 06:14:51',NULL),(75,1,42,'Kavon','Fisher','annabelle59@example.com','844-377-6486','519 Fermin Ferry','Hesselstad','West Virginia','US','08326-9937','2020-11-12 06:14:51','2020-11-12 06:14:51',NULL),(76,1,47,'Dejon','Hudson','heidenreich.brett@example.org','888.431.9634','5639 Marcelo Mission','Lake Vernie','Missouri','US','35169','2020-11-12 06:14:51','2020-11-12 06:14:51',NULL),(77,1,18,'Estell','Murphy','meichmann@example.net','855.496.3189','39180 Heloise Mill','Port Reganshire','North Dakota','US','63325-6805','2020-11-12 06:14:51','2020-11-12 06:14:51',NULL),(78,1,25,'Claudie','Crona','arvilla31@example.com','800.495.1628','50111 Brittany Estate','South Filomenatown','Kansas','US','66380-8986','2020-11-12 06:14:51','2020-11-12 06:14:51',NULL),(79,1,3,'Macey','Murphy','nikolas32@example.org','1-866-248-3099','5907 Botsford Fall Suite 887','East Devonview','Ohio','US','11453-3923','2020-11-12 06:14:51','2020-11-12 06:14:51',NULL),(80,1,57,'Camille','Glover','watsica.jorge@example.net','855.580.7934','7660 Hickle Turnpike','Lindgrenton','Iowa','US','68665','2020-11-12 06:14:51','2020-11-12 06:14:51',NULL),(81,1,95,'Caesar','Wolff','nader.willow@example.com','(888) 533-0248','3872 Cruickshank Camp Apt. 463','Rustyland','Michigan','US','51587','2020-11-12 06:14:51','2020-11-12 06:14:51',NULL),(82,1,82,'Jena','Weimann','lavon.boehm@example.com','844.691.6112','9877 Kirlin Gardens Suite 260','Littleborough','Vermont','US','05242-3006','2020-11-12 06:14:51','2020-11-12 06:14:51',NULL),(83,1,31,'Daisy','Jast','onader@example.net','1-866-293-1558','4206 Ryan Hill','Murphyhaven','Alabama','US','01557','2020-11-12 06:14:51','2020-11-12 06:14:51',NULL),(84,1,60,'Jayden','Schultz','iritchie@example.net','(866) 555-6375','6756 Josh Villages Apt. 538','East Brooks','Vermont','US','99454-3754','2020-11-12 06:14:51','2020-11-12 06:14:51',NULL),(85,1,57,'Mohamed','Feeney','snitzsche@example.net','1-844-844-5188','989 Stephany Hollow Suite 171','West Dorthaberg','Kentucky','US','52365','2020-11-12 06:14:51','2020-11-12 06:14:51',NULL),(86,1,38,'Alia','Moore','benny21@example.org','(855) 656-2544','197 Raphael Points','South Ron','Iowa','US','36169-5082','2020-11-12 06:14:51','2020-11-12 06:14:51',NULL),(87,1,2,'Eusebio','Runolfsson','mills.mattie@example.com','(855) 888-7527','941 Predovic Union Apt. 367','West Preciousmouth','Maryland','US','99232','2020-11-12 06:14:51','2020-11-12 06:14:51',NULL),(88,1,63,'Victoria','Haag','uschinner@example.net','844-864-9493','10827 Lehner Roads Apt. 312','Juanitamouth','New Jersey','US','87608-5040','2020-11-12 06:14:51','2020-11-12 06:14:51',NULL),(89,1,69,'Ashly','Skiles','murray.chanelle@example.net','844.727.8786','4125 Timmy Prairie Suite 945','Hermannville','Washington','US','42631-0394','2020-11-12 06:14:51','2020-11-12 06:14:51',NULL),(90,1,78,'Ettie','Yost','gkutch@example.net','1-844-686-8678','68595 Ethelyn Forges Suite 646','North Birdiefurt','Michigan','US','14701-3240','2020-11-12 06:14:51','2020-11-12 06:14:51',NULL),(91,1,32,'Liza','Cartwright','gottlieb.gregg@example.org','1-844-646-2182','35593 Floy Lake','West Rachel','Montana','US','17566-2817','2020-11-12 06:14:51','2020-11-12 06:14:51',NULL),(92,1,44,'Janie','Prosacco','ashley.lesch@example.net','844-757-2112','867 Sporer Rapids Apt. 853','Lake Quentinshire','Iowa','US','54825-9280','2020-11-12 06:14:51','2020-11-12 06:14:51',NULL),(93,1,94,'Teagan','Huels','swift.garret@example.com','1-800-639-4489','60092 Eliane Crossing','Port Louvenia','Iowa','US','16320','2020-11-12 06:14:51','2020-11-12 06:14:51',NULL),(94,1,65,'Cielo','Reichert','bernhard99@example.com','(877) 460-9218','477 Monroe Loop Apt. 991','Lake Elena','West Virginia','US','04839','2020-11-12 06:14:51','2020-11-12 06:14:51',NULL),(95,1,58,'Keven','Harber','ywalter@example.net','(844) 629-9880','234 Koss Mill','Brainbury','Florida','US','62776','2020-11-12 06:14:51','2020-11-12 06:14:51',NULL),(96,1,63,'Ulices','Bartell','ppadberg@example.net','(866) 303-2177','14727 Keely Estate Apt. 579','Schultzborough','Maryland','US','45216','2020-11-12 06:14:51','2020-11-12 06:14:51',NULL),(97,1,33,'Gay','Dietrich','addie36@example.com','844.237.1451','5096 Strosin Shoal','Littlestad','Hawaii','US','72665-3595','2020-11-12 06:14:51','2020-11-12 06:14:51',NULL),(98,1,43,'Rory','Bogan','rosario68@example.org','(888) 386-5612','7850 Unique Expressway','Howellmouth','Pennsylvania','US','18436','2020-11-12 06:14:51','2020-11-12 06:14:51',NULL),(99,1,24,'Alexzander','Simonis','alana.satterfield@example.com','800-255-2551','58848 Garett Forge','Elwinside','District of Columbia','US','51779','2020-11-12 06:14:51','2020-11-12 06:14:51',NULL),(100,1,39,'Felipe','Doyle','maybelle74@example.com','877.362.4868','82997 Bernice Meadows','Yasmeenmouth','Arkansas','US','72030-7314','2020-11-12 06:14:51','2020-11-12 06:14:51',NULL),(101,1,NULL,'sfd','sdfdf',NULL,NULL,NULL,NULL,NULL,NULL,NULL,'2020-11-16 06:43:42','2020-11-16 06:43:42',NULL);
/*!40000 ALTER TABLE `contacts` ENABLE KEYS */;
UNLOCK TABLES;

--
-- Table structure for table `failed_jobs`
--

DROP TABLE IF EXISTS `failed_jobs`;
/*!40101 SET @saved_cs_client     = @@character_set_client */;
/*!50503 SET character_set_client = utf8mb4 */;
CREATE TABLE `failed_jobs` (
  `id` bigint(20) unsigned NOT NULL AUTO_INCREMENT,
  `uuid` varchar(191) COLLATE utf8mb4_unicode_ci NOT NULL,
  `connection` text COLLATE utf8mb4_unicode_ci NOT NULL,
  `queue` text COLLATE utf8mb4_unicode_ci NOT NULL,
  `payload` longtext COLLATE utf8mb4_unicode_ci NOT NULL,
  `exception` longtext COLLATE utf8mb4_unicode_ci NOT NULL,
  `failed_at` timestamp NOT NULL DEFAULT CURRENT_TIMESTAMP,
  PRIMARY KEY (`id`),
  UNIQUE KEY `failed_jobs_uuid_unique` (`uuid`)
) ENGINE=MyISAM DEFAULT CHARSET=utf8mb4 COLLATE=utf8mb4_unicode_ci;
/*!40101 SET character_set_client = @saved_cs_client */;

--
-- Dumping data for table `failed_jobs`
--

LOCK TABLES `failed_jobs` WRITE;
/*!40000 ALTER TABLE `failed_jobs` DISABLE KEYS */;
/*!40000 ALTER TABLE `failed_jobs` ENABLE KEYS */;
UNLOCK TABLES;

--
-- Table structure for table `hibernate_sequence`
--

DROP TABLE IF EXISTS `hibernate_sequence`;
/*!40101 SET @saved_cs_client     = @@character_set_client */;
/*!50503 SET character_set_client = utf8mb4 */;
CREATE TABLE `hibernate_sequence` (
  `next_val` bigint(20) DEFAULT NULL
) ENGINE=MyISAM DEFAULT CHARSET=latin1;
/*!40101 SET character_set_client = @saved_cs_client */;

--
-- Dumping data for table `hibernate_sequence`
--

LOCK TABLES `hibernate_sequence` WRITE;
/*!40000 ALTER TABLE `hibernate_sequence` DISABLE KEYS */;
INSERT INTO `hibernate_sequence` VALUES (13);
/*!40000 ALTER TABLE `hibernate_sequence` ENABLE KEYS */;
UNLOCK TABLES;

--
-- Table structure for table `migrations`
--

DROP TABLE IF EXISTS `migrations`;
/*!40101 SET @saved_cs_client     = @@character_set_client */;
/*!50503 SET character_set_client = utf8mb4 */;
CREATE TABLE `migrations` (
  `id` int(10) unsigned NOT NULL AUTO_INCREMENT,
  `migration` varchar(191) COLLATE utf8mb4_unicode_ci NOT NULL,
  `batch` int(11) NOT NULL,
  PRIMARY KEY (`id`)
) ENGINE=MyISAM AUTO_INCREMENT=7 DEFAULT CHARSET=utf8mb4 COLLATE=utf8mb4_unicode_ci;
/*!40101 SET character_set_client = @saved_cs_client */;

--
-- Dumping data for table `migrations`
--

LOCK TABLES `migrations` WRITE;
/*!40000 ALTER TABLE `migrations` DISABLE KEYS */;
INSERT INTO `migrations` VALUES (1,'2020_01_01_000001_create_password_resets_table',1),(2,'2020_01_01_000002_create_failed_jobs_table',1),(3,'2020_01_01_000003_create_accounts_table',1),(4,'2020_01_01_000004_create_users_table',1),(5,'2020_01_01_000005_create_organizations_table',1),(6,'2020_01_01_000006_create_contacts_table',1);
/*!40000 ALTER TABLE `migrations` ENABLE KEYS */;
UNLOCK TABLES;

--
-- Table structure for table `organizations`
--

DROP TABLE IF EXISTS `organizations`;
/*!40101 SET @saved_cs_client     = @@character_set_client */;
/*!50503 SET character_set_client = utf8mb4 */;
CREATE TABLE `organizations` (
  `id` int(10) unsigned NOT NULL AUTO_INCREMENT,
  `account_id` int(11) NOT NULL,
  `name` varchar(100) COLLATE utf8mb4_unicode_ci NOT NULL,
  `email` varchar(50) COLLATE utf8mb4_unicode_ci DEFAULT NULL,
  `phone` varchar(50) COLLATE utf8mb4_unicode_ci DEFAULT NULL,
  `address` varchar(150) COLLATE utf8mb4_unicode_ci DEFAULT NULL,
  `city` varchar(50) COLLATE utf8mb4_unicode_ci DEFAULT NULL,
  `region` varchar(50) COLLATE utf8mb4_unicode_ci DEFAULT NULL,
  `country` varchar(2) COLLATE utf8mb4_unicode_ci DEFAULT NULL,
  `postal_code` varchar(25) COLLATE utf8mb4_unicode_ci DEFAULT NULL,
  `created_at` timestamp NULL DEFAULT NULL,
  `updated_at` timestamp NULL DEFAULT NULL,
  `deleted_at` timestamp NULL DEFAULT NULL,
  PRIMARY KEY (`id`),
  KEY `organizations_account_id_index` (`account_id`)
) ENGINE=MyISAM AUTO_INCREMENT=103 DEFAULT CHARSET=utf8mb4 COLLATE=utf8mb4_unicode_ci;
/*!40101 SET character_set_client = @saved_cs_client */;

--
-- Dumping data for table `organizations`
--

LOCK TABLES `organizations` WRITE;
/*!40000 ALTER TABLE `organizations` DISABLE KEYS */;
INSERT INTO `organizations` VALUES (1,1,'Quigley-Reichert','bkautzer@bailey.com','800.780.5155','421 Vanessa Manors','Jaylonland','Iowa','US','78774-0840','2020-11-12 06:14:51','2020-11-12 06:14:51',NULL),(2,1,'DuBuque and Sons','haleigh33@lemke.com','(800) 608-5699','82764 Finn Spur Suite 017','Hettingerland','Kentucky','US','63297','2020-11-12 06:14:51','2020-11-12 06:14:51',NULL),(3,1,'Flatley-McDermott','uvolkman@turcotte.com','800.262.0618','80257 Velma Heights','Leuschkeside','Kentucky','US','97903-5377','2020-11-12 06:14:51','2020-11-12 06:14:51',NULL),(4,1,'Casper-Durgan','alessia74@beahan.org','800-428-1458','95423 Ullrich Parkway','West Jessville','North Carolina','US','15901-9215','2020-11-12 06:14:51','2020-11-12 06:14:51',NULL),(5,1,'Kshlerin-Doyle','joannie86@heaney.biz','(888) 574-5182','3767 Swift Expressway Suite 072','Baileytown','Virginia','US','53761','2020-11-12 06:14:51','2020-11-12 06:14:51',NULL),(6,1,'DuBuque Inc','rhiannon.grant@tromp.com','1-877-667-4335','9449 Schneider Radial','Brandyport','Hawaii','US','20117-4682','2020-11-12 06:14:51','2020-11-12 06:14:51',NULL),(7,1,'Jones-Konopelski','leannon.fannie@mann.org','(844) 897-7375','5301 McKenzie Falls Apt. 671','New Trever','New Hampshire','US','22125','2020-11-12 06:14:51','2020-11-12 06:14:51',NULL),(8,1,'Lueilwitz Ltd','echamplin@king.org','(800) 674-7695','4958 Jonathan Trafficway','New Keelyhaven','South Dakota','US','64568-4464','2020-11-12 06:14:51','2020-11-12 06:14:51',NULL),(9,1,'Batz-Jaskolski','prosacco.aleen@harris.net','888-495-3952','7661 Monahan Trace Apt. 634','Tyrellshire','Rhode Island','US','98163','2020-11-12 06:14:51','2020-11-12 06:14:51',NULL),(10,1,'Gibson, Lakin and Corwin','ahuel@larson.biz','844-351-0189','830 Nolan Haven Suite 132','New Dallin','Washington','US','92532','2020-11-12 06:14:51','2020-11-12 06:14:51',NULL),(11,1,'Beer, Goodwin and Hamill','imayer@bauch.net','800.447.9481','617 Janice River','Port Alexiefurt','District of Columbia','US','87656','2020-11-12 06:14:51','2020-11-12 06:14:51',NULL),(12,1,'Boyer, Mraz and Skiles','kgusikowski@aufderhar.biz','(800) 461-1869','69019 Esperanza Isle Suite 997','Keiramouth','Rhode Island','US','62164','2020-11-12 06:14:51','2020-11-12 06:14:51',NULL),(13,1,'Gleichner Inc','mohamed92@gislason.net','877.618.1176','9251 Hoppe Route','South Camden','Arizona','US','70913','2020-11-12 06:14:51','2020-11-12 06:14:51',NULL),(14,1,'Schuppe LLC','cydney.hoppe@hermiston.com','888-981-3372','167 Candelario Isle Apt. 478','Samaraville','Mississippi','US','77692','2020-11-12 06:14:51','2020-11-12 06:14:51',NULL),(15,1,'Funk-Bechtelar','vwindler@harber.biz','(800) 576-0000','95267 Cremin Plains Suite 081','Colestad','Utah','US','92962','2020-11-12 06:14:51','2020-11-12 06:14:51',NULL),(16,1,'Jenkins-Goodwin','tiana63@kutch.info','(888) 906-7929','4880 Blanda Place','South Alexismouth','Kansas','US','35857','2020-11-12 06:14:51','2020-11-12 06:14:51',NULL),(17,1,'Gleichner-Hackett','mitchell.aufderhar@kris.com','844-799-9047','807 Waters Cove','East Brycentown','New Jersey','US','54892-8684','2020-11-12 06:14:51','2020-11-12 06:14:51',NULL),(18,1,'Shanahan Ltd','rhuels@cassin.com','877-354-0120','7678 Fadel Divide','Boyerberg','Minnesota','US','97196','2020-11-12 06:14:51','2020-11-12 06:14:51',NULL),(19,1,'Blick-Vandervort','hermann.zora@ritchie.net','1-800-628-3811','3716 Alivia Divide Suite 154','West Francisca','Louisiana','US','14979-3838','2020-11-12 06:14:51','2020-11-12 06:14:51',NULL),(20,1,'Denesik-Mayert','jacky.steuber@medhurst.com','(800) 508-1912','18638 Huel Square Suite 138','Grahamport','South Carolina','US','49161','2020-11-12 06:14:51','2020-11-12 06:14:51',NULL),(21,1,'Krajcik PLC','cielo.vonrueden@hamill.org','888.343.9222','97585 Dietrich Court','North Lilliestad','North Carolina','US','00995','2020-11-12 06:14:51','2020-11-12 06:14:51',NULL),(22,1,'Kirlin, Ullrich and Hane','dmarquardt@mclaughlin.com','1-844-920-3993','384 Feeney Manors','Ryleighmouth','Tennessee','US','87002','2020-11-12 06:14:51','2020-11-12 06:14:51',NULL),(23,1,'Konopelski LLC','norbert90@parisian.com','888.330.7747','2163 Vicente Springs Apt. 442','New Jonathanchester','Connecticut','US','28648','2020-11-12 06:14:51','2020-11-12 06:14:51',NULL),(24,1,'Stroman Group','lstiedemann@bogisich.org','800.450.0531','159 Lauryn Prairie Apt. 876','Durwardside','Connecticut','US','21956-0535','2020-11-12 06:14:51','2020-11-12 06:14:51',NULL),(25,1,'Ullrich-Cummerata','schultz.josefina@nitzsche.net','855-354-2225','938 Stan Haven Suite 422','Cremintown','Louisiana','US','76911-7151','2020-11-12 06:14:51','2020-11-12 06:14:51',NULL),(26,1,'Glover-Rippin','dare.sammie@hoeger.info','866-833-7830','3814 Trudie Loaf','Hansenbury','Montana','US','54755-5890','2020-11-12 06:14:51','2020-11-12 06:14:51',NULL),(27,1,'Paucek-Considine','lwalker@haley.com','1-866-419-5893','93461 Cartwright Wells','Georgettebury','Montana','US','10555-7765','2020-11-12 06:14:51','2020-12-08 10:51:55',NULL),(28,1,'Stracke-Kohler','general96@barton.biz','800.351.2589','521 Armand Land','East Berneicebury','Ohio','US','08284-5738','2020-11-12 06:14:51','2020-11-12 06:14:51',NULL),(29,1,'Keeling, Rosenbaum and Reinger','abshire.mavis@gutmann.com','888-405-118100','39039 Johan Plains Suite 672','South Flossieton','New Jersey','US','18502','2020-11-12 06:14:51','2020-12-08 08:06:58',NULL),(30,1,'Boehm-Baumbach','stiedemann.hilbert@boyer.com','(855) 292-3583','35104 Christiansen Ways Apt. 760','North Effie','Rhode Island','US','37037','2020-11-12 06:14:51','2020-11-12 06:14:51',NULL),(31,1,'Lueilwitz-Gorczany','obaumbach@mitchell.com','1-888-489-4815','72393 Schulist Village','Kareemville','South Carolina','US','40236-3652','2020-11-12 06:14:51','2020-11-12 06:14:51',NULL),(32,1,'Kuphal Inc','brendon.berge@wiza.com','1-855-988-8882','8710 Larson Spring','Konopelskiton','Iowa','US','87896-0698','2020-11-12 06:14:51','2020-11-12 06:14:51',NULL),(33,1,'Rice and Sons','csawayn@balistreri.com','877-614-0671','6398 Kevon Locks Apt. 337','Lehnerhaven','Florida','US','56621-7078','2020-11-12 06:14:51','2020-11-12 06:14:51',NULL),(34,1,'Swift Inc','stroman.carter@dooley.info','1-855-329-9307','94451 Kenyatta Path Apt. 759','Daijashire','Ohio','US','23500-1832','2020-11-12 06:14:51','2020-11-12 06:14:51',NULL),(35,1,'Williamson and Sons','marlee.huels@herzog.net','(877) 414-9605','9750 Hills Parks Apt. 892','Mrazberg','Connecticut','US','32807-5257','2020-11-12 06:14:51','2020-11-12 06:14:51',NULL),(36,1,'Bergnaum-Herzog','auer.monique@sipes.com','877-300-5225','95286 Terrence Lakes','New Sadyeshire','Florida','CA','60767','2020-11-12 06:14:51','2020-11-13 06:06:18',NULL),(37,1,'Bernhard, Padberg and Shields','treutel.ellen@krajcik.com','(877) 368-0206','98327 Greenholt Branch','Jarentown','Pennsylvania','US','27466-1630','2020-11-12 06:14:51','2020-11-12 06:14:51','2021-02-17 12:57:22'),(38,1,'Herzog-Durgan','nikolaus.lester@ankunding.biz','877-532-2640','25050 Kertzmann Glens','East Archibaldview','Mississippi','US','81961-7956','2020-11-12 06:14:51','2020-11-12 06:14:51',NULL),(39,1,'Runolfsdottir-Murphy','lonie.mckenzie@braun.com','1-800-444-6708','35606 Wintheiser Points','East Kiel','California','US','90765-0408','2020-11-12 06:14:51','2020-11-12 06:14:51',NULL),(40,1,'Zieme, White and Baumbach','clarabelle.hickle@howe.com','(844) 649-8426','415 Shaina Village Suite 430','Port Patrickberg','Wisconsin','US','58894-1284','2020-11-12 06:14:51','2020-11-12 06:14:51',NULL),(41,1,'Bayer PLC','violette.balistreri@wisozk.com','877-521-9396','98243 Baylee Cape','East Jostad','Utah','US','76698-8190','2020-11-12 06:14:51','2020-12-08 08:07:23',NULL),(42,1,'Hand LLC','oparker@deckow.com','855.848.1097','1847 Hoppe Villages Suite 253','Valliechester','Maine','US','82017','2020-11-12 06:14:51','2020-11-12 06:14:51',NULL),(43,1,'Homenick-Funk','jcollier@heaney.com','877-625-3749','981 Swaniawski Circles Apt. 768','Chetstad','Arkansas','US','79040-8584','2020-11-12 06:14:51','2020-11-12 06:14:51',NULL),(44,1,'Sipes, Willms and Schamberger','creola57@rohan.info','1-800-369-2082','442 Avis Center Suite 647','Port Brayanhaven','New Mexico','US','89263','2020-11-12 06:14:51','2020-11-12 06:14:51',NULL),(45,1,'Jacobs-Ullrich','casper.jarod@witting.com','855-765-7011','194 Daniel Pines','New Johnathanbury','South Carolina','US','95347-2739','2020-11-12 06:14:51','2020-11-12 06:14:51',NULL),(46,1,'Pacocha-Cruickshank','vern.hudson@crona.com','866.927.1435','5914 Jeanne Park','West Pasquale','Washington','US','66234','2020-11-12 06:14:51','2020-11-12 06:14:51',NULL),(47,1,'Thiel-Carter','ron.zemlak@roob.com','888.728.6521','52667 Gracie Place Suite 144','East Rogeliohaven','Vermont','US','10974','2020-11-12 06:14:51','2020-11-12 06:14:51',NULL),(48,1,'Gerlach-VonRueden','terrance.barrows@maggio.com','(800) 977-7382','226 Jody Crescent','Roobberg','Ohio','US','42186-7067','2020-11-12 06:14:51','2020-11-12 06:14:51',NULL),(49,1,'Bogisich, King and Stehr','mac18@kertzmann.biz','(800) 848-2364','67833 Botsford Walks','Baileyberg','Alabama','US','38989','2020-11-12 06:14:51','2020-11-12 06:14:51',NULL),(50,1,'Russel-Auer','becker.orval@bosco.org','800.697.5406','509 Monahan Dam','North Silas','North Dakota','US','78293','2020-11-12 06:14:51','2020-11-12 06:14:51',NULL),(51,1,'Rogahn Inc','fred.moen@jacobson.com','866.242.2388','592 Koch Trace','Deonteville','Vermont','US','11965','2020-11-12 06:14:51','2020-11-12 06:14:51',NULL),(52,1,'Abbott-Zieme','zackary12@witting.info','(855) 737-2720','494 Guido Vista','Mireilleland','New York','US','63119-0198','2020-11-12 06:14:51','2020-11-12 06:14:51',NULL),(53,1,'Kris, Ankunding and Rolfson','buckridge.remington@schaden.biz','800.396.9743','5797 Bruen Mission','Reillyville','Maine','US','58719','2020-11-12 06:14:51','2020-11-12 06:14:51',NULL),(54,1,'Witting-Keebler','jlegros@mertz.org','1-855-398-2874','88901 Parisian Path','Osinskimouth','Colorado','US','33081','2020-11-12 06:14:51','2020-11-12 06:14:51',NULL),(55,1,'Kozey Inc','brown.vonrueden@tillman.com','888.907.6449','47046 Graham Grove Suite 273','Port Mertie','Ohio','US','69512','2020-11-12 06:14:51','2020-11-12 06:14:51',NULL),(56,1,'Gutmann, Moore and Reilly','rweber@hermiston.com','844.757.5069','95133 Kaitlyn Islands Suite 517','Lake Laurettaton','Idaho','US','81642','2020-11-12 06:14:51','2020-11-12 06:14:51',NULL),(57,1,'Feil and Sons','cary03@rice.net','1-855-357-9459','69021 Runolfsson Centers Suite 653','Koeppview','New York','US','77884-7336','2020-11-12 06:14:51','2020-11-12 06:14:51',NULL),(58,1,'Simonis LLC','feeney.angel@weber.com','(855) 804-1575','62937 Amos Forge','East Rainaland','Idaho','US','95608-8971','2020-11-12 06:14:51','2020-11-12 06:14:51',NULL),(59,1,'Heller and Sons','steve.bayer@koss.net','888.735.3532','80765 Abshire Haven Apt. 197','New Elissaburgh','Nevada','US','99517','2020-11-12 06:14:51','2020-11-12 06:14:51',NULL),(60,1,'Lowe, Padberg and Nitzsche','rory.breitenberg@schroeder.biz','1-800-602-9074','9941 Colten Way','VonRuedenborough','Alabama','US','18204','2020-11-12 06:14:51','2020-11-12 06:14:51',NULL),(61,1,'Jerde Inc','oreilly.akeem@roberts.org','1-888-326-6550','14311 Weber Parkways Suite 172','North Fermin','Hawaii','US','93469-0738','2020-11-12 06:14:51','2020-11-12 06:14:51',NULL),(62,1,'Bogisich LLC','maggio.erica@berge.com','1-800-848-4414','7114 Jailyn Mission Suite 036','North Hassan','Kentucky','US','68396-8041','2020-11-12 06:14:51','2020-11-12 06:14:51',NULL),(63,1,'Halvorson-Crooks','cboehm@hayes.info','855-918-1492','94238 Lavon Ford','East Allisonberg','Kansas','US','73986-9920','2020-11-12 06:14:51','2020-11-12 06:14:51',NULL),(64,1,'Boyer PLC','umonahan@schmeler.info','1-855-695-8664','538 Lera Glen Suite 621','South Cathrineburgh','Oklahoma','US','87555-7266','2020-11-12 06:14:51','2020-11-12 06:14:51',NULL),(65,1,'Douglas-Becker','ashleigh.raynor@mitchell.com','855.908.6019','57191 Vincenzo Plaza','Schillerville','Mississippi','US','66620-9661','2020-11-12 06:14:51','2020-11-12 06:14:51',NULL),(66,1,'O\'Keefe-Padberg','jamar.luettgen@ryan.com','(800) 423-6377','195 Nolan Mountains Apt. 823','Quigleyhaven','Oregon','US','60402','2020-11-12 06:14:51','2020-11-12 06:14:51',NULL),(67,1,'Bogan-Blanda','amy.mcglynn@lakin.com','(844) 564-2912','161 Felix View','Mooremouth','Arizona','US','06796-8347','2020-11-12 06:14:51','2020-11-12 06:14:51',NULL),(68,1,'Schimmel LLC','edward.balistreri@hirthe.com','1-866-828-5505','229 Lemuel Throughway','North Dimitritown','Minnesota','US','76698-7123','2020-11-12 06:14:51','2020-11-12 06:14:51',NULL),(69,1,'Legros-Schiller','tabitha86@leannon.biz','855-708-6933','4320 Marcella Inlet','Schuppeshire','Wisconsin','US','39679-2007','2020-11-12 06:14:51','2020-11-12 06:14:51',NULL),(70,1,'Oberbrunner and Sons','kautzer.ari@gorczany.net','1-888-645-1109','97701 Greenholt Cliffs','Nellaburgh','Missouri','US','30874-9410','2020-11-12 06:14:51','2020-11-12 06:14:51',NULL),(71,1,'Fay Ltd','bhammes@barrows.net','800-954-9037','24840 O\'Reilly Street Apt. 586','East Matilde','South Carolina','US','17307-1703','2020-11-12 06:14:51','2020-11-12 06:14:51',NULL),(72,1,'Keebler, Hagenes and Welch','lucinda60@kihn.com','888-851-7777','7363 Hill Spurs','Kulasville','Colorado','US','00806-0880','2020-11-12 06:14:51','2020-11-12 06:14:51',NULL),(73,1,'Goldner-Senger','romaguera.dallin@crist.org','1-888-555-0241','6369 Roob Oval','Abshireport','Kentucky','US','06351-5299','2020-11-12 06:14:51','2020-11-12 06:14:51',NULL),(74,1,'Wehner, Hegmann and Stoltenberg','vonrueden.vidal@davis.org','855.470.2559','18120 Zula Mountains Apt. 678','Andrewmouth','Nebraska','US','35080-7146','2020-11-12 06:14:51','2020-11-12 06:14:51',NULL),(75,1,'Champlin, Cassin and Nitzsche','theo57@corwin.com','877.354.8349','5144 Kitty Brook','South Merlin','Pennsylvania','US','13545-9115','2020-11-12 06:14:51','2020-11-12 06:14:51',NULL),(76,1,'Rippin, Rutherford and Jakubowski','bridie77@wunsch.com','844.420.9357','71214 Freeda Rapids Apt. 636','Schowalterhaven','Vermont','US','33570-9168','2020-11-12 06:14:51','2020-11-12 06:14:51',NULL),(77,1,'Kessler-Berge','uhoppe@dare.com','1-855-279-7961','244 Beer Fords','Balistreriview','Georgia','US','25757-3538','2020-11-12 06:14:51','2020-11-12 06:14:51',NULL),(78,1,'Hudson Ltd','jena.ward@hegmann.com','1-855-945-5298','879 Haskell Rest Apt. 815','North Madeline','Maine','US','30072','2020-11-12 06:14:51','2020-11-12 06:14:51',NULL),(79,1,'Hane-Murphy','elyssa.thiel@sawayn.biz','844-628-1144','3495 Connelly Locks Suite 351','Aufderhartown','Wisconsin','US','05667','2020-11-12 06:14:51','2020-11-12 06:14:51',NULL),(80,1,'Larkin-King','dax33@hane.com','1-888-894-3269','474 Florencio Crest','Heberside','Nevada','US','91126-3093','2020-11-12 06:14:51','2020-11-12 06:14:51',NULL),(81,1,'Streich Group','ifriesen@weimann.com','844-880-5415','38347 Nina Island','East Fermin','California','US','31557-0049','2020-11-12 06:14:51','2020-11-12 06:14:51',NULL),(82,1,'VonRueden, Willms and Steuber','ollie02@emmerich.biz','1-844-687-0989','9140 Elenor Ford','Port Mikel','Tennessee','US','93626-0316','2020-11-12 06:14:51','2020-11-12 06:14:51',NULL),(83,1,'Barton Group','brandyn.goodwin@marquardt.com','1-866-945-6206','1745 Feest Unions','West Leanne','Utah','US','48355','2020-11-12 06:14:51','2020-11-12 06:14:51',NULL),(84,1,'Conn-Runolfsdottir','schuster.gilberto@shanahan.com','1-866-625-3920','36239 Mercedes Stream Suite 195','Swaniawskimouth','Arizona','US','40184-3728','2020-11-12 06:14:51','2020-11-12 06:14:51',NULL),(85,1,'Jacobs, Cole and Hintz','gusikowski.elda@lynch.com','844.975.4040','933 Loy Turnpike Suite 365','Zemlakmouth','Georgia','US','04610','2020-11-12 06:14:51','2020-11-12 06:14:51',NULL),(86,1,'Feil LLC','leonor95@christiansen.com','(866) 710-3226','17704 Dibbert Ports','Roobburgh','Nebraska','US','49101-2066','2020-11-12 06:14:51','2020-11-12 06:14:51',NULL),(87,1,'Blick Ltd','runte.marcelino@gibson.com','1-855-900-2081','85812 Satterfield Rapid Apt. 608','Townefurt','Arkansas','US','03702-9692','2020-11-12 06:14:51','2020-11-12 06:14:51',NULL),(88,1,'Kassulke-Hettinger','thompson.cordie@adams.com','866-616-3867','928 Gutmann Spring Apt. 883','Luettgenside','South Dakota','US','24193-9656','2020-11-12 06:14:51','2020-11-12 06:14:51',NULL),(89,1,'Wolff-Beahan','bartell.maximillia@lockman.info','(855) 824-0113','3065 Mraz Center Apt. 176','South Jeremy','Kansas','US','13413-0170','2020-11-12 06:14:51','2020-11-12 06:14:51',NULL),(90,1,'Reynolds Ltd','runte.carlos@ledner.com','(877) 712-4535','419 Hills Cliff','Benniestad','Maryland','US','75144','2020-11-12 06:14:51','2020-11-12 06:14:51',NULL),(91,1,'Gutkowski-Bradtke','eugene76@kertzmann.info','866-279-1369','15083 Collins Row','Wildermanburgh','Pennsylvania','US','91153-2865','2020-11-12 06:14:51','2020-11-12 06:14:51',NULL),(92,1,'Blick and Sons','melisa43@nicolas.net','1-888-717-0579','6231 Vincenza Parks','Boyerville','Wyoming','US','71593','2020-11-12 06:14:51','2020-11-12 06:14:51',NULL),(93,1,'Zieme and Sons','shanie17@mckenzie.com','800-708-4839','6086 Yvonne Forest Apt. 918','Domingobury','South Carolina','US','35507-5260','2020-11-12 06:14:51','2020-11-12 06:14:51',NULL),(94,1,'Hartmann, Harber and Beahan','mcclure.emmalee@conn.com','1-800-665-5866','557 Daniel Station','East Kaya','Florida','US','57617','2020-11-12 06:14:51','2020-11-12 06:14:51',NULL),(95,1,'Hirthe, Hudson and Maggio','tiara75@kessler.com','(877) 909-8677','56419 O\'Hara Islands','Zariamouth','Kentucky','US','81618','2020-11-12 06:14:51','2020-11-12 06:14:51',NULL),(96,1,'Wolf, Koepp and Cartwright','christian.ortiz@reichert.com','(888) 434-4733','4539 Willms Burg Suite 129','Julienburgh','Michigan','US','91449','2020-11-12 06:14:51','2020-11-12 06:14:51',NULL),(97,1,'Larkin-McCullough','jnader@huels.biz','(800) 597-0717','449 Christina Keys Suite 231','Watsicachester','Louisiana','US','94114','2020-11-12 06:14:51','2020-11-12 06:14:51',NULL),(98,1,'Haley PLC','moen.leanna@kozey.com','(855) 884-4431','337 Hoppe Drives Suite 667','North Zoilaview','Alaska','US','58532-2724','2020-11-12 06:14:51','2020-11-12 06:14:51',NULL),(99,1,'Quitzon, Wisozk and Corkery','lryan@hagenes.org','(888) 336-0874','229 Jakubowski Cliff','Katlynchester','Missouri','US','61007','2020-11-12 06:14:51','2020-11-12 06:14:51',NULL),(100,1,'Ankunding, Blanda and Osinski','buckridge.cecelia@grimes.com','855.839.6522','53579 Davis Center Suite 291','Henrietteberg','Ohio','US','41822','2020-11-12 06:14:51','2020-11-12 06:14:51',NULL),(101,1,'ffrfrfr',NULL,NULL,NULL,NULL,NULL,NULL,NULL,'2020-12-08 08:08:45','2020-12-08 08:08:45',NULL),(102,1,'vbcbvcbvb','test@gmail.com',NULL,NULL,NULL,NULL,'CA','az1000','2020-12-08 10:36:30','2020-12-08 10:38:28',NULL);
/*!40000 ALTER TABLE `organizations` ENABLE KEYS */;
UNLOCK TABLES;

--
-- Table structure for table `password_resets`
--

DROP TABLE IF EXISTS `password_resets`;
/*!40101 SET @saved_cs_client     = @@character_set_client */;
/*!50503 SET character_set_client = utf8mb4 */;
CREATE TABLE `password_resets` (
  `email` varchar(191) COLLATE utf8mb4_unicode_ci NOT NULL,
  `token` varchar(191) COLLATE utf8mb4_unicode_ci NOT NULL,
  `created_at` timestamp NULL DEFAULT NULL,
  KEY `password_resets_email_index` (`email`)
) ENGINE=MyISAM DEFAULT CHARSET=utf8mb4 COLLATE=utf8mb4_unicode_ci;
/*!40101 SET character_set_client = @saved_cs_client */;

--
-- Dumping data for table `password_resets`
--

LOCK TABLES `password_resets` WRITE;
/*!40000 ALTER TABLE `password_resets` DISABLE KEYS */;
/*!40000 ALTER TABLE `password_resets` ENABLE KEYS */;
UNLOCK TABLES;

--
-- Table structure for table `users`
--

DROP TABLE IF EXISTS `users`;
/*!40101 SET @saved_cs_client     = @@character_set_client */;
/*!50503 SET character_set_client = utf8mb4 */;
CREATE TABLE `users` (
  `id` int(10) unsigned NOT NULL AUTO_INCREMENT,
  `account_id` int(11) NOT NULL,
  `first_name` varchar(25) COLLATE utf8mb4_unicode_ci NOT NULL,
  `last_name` varchar(25) COLLATE utf8mb4_unicode_ci NOT NULL,
  `email` varchar(50) COLLATE utf8mb4_unicode_ci NOT NULL,
  `password` varchar(191) COLLATE utf8mb4_unicode_ci DEFAULT NULL,
  `owner` tinyint(1) NOT NULL DEFAULT '0',
  `photo_path` varchar(100) COLLATE utf8mb4_unicode_ci DEFAULT NULL,
  `remember_token` varchar(100) COLLATE utf8mb4_unicode_ci DEFAULT NULL,
  `created_at` timestamp NULL DEFAULT NULL,
  `updated_at` timestamp NULL DEFAULT NULL,
  `deleted_at` timestamp NULL DEFAULT NULL,
  PRIMARY KEY (`id`),
  UNIQUE KEY `users_email_unique` (`email`),
  UNIQUE KEY `UK_sx468g52bpetvlad2j9y0lptc` (`email`),
  KEY `users_account_id_index` (`account_id`)
) ENGINE=MyISAM AUTO_INCREMENT=7 DEFAULT CHARSET=utf8mb4 COLLATE=utf8mb4_unicode_ci;
/*!40101 SET character_set_client = @saved_cs_client */;

--
-- Dumping data for table `users`
--

LOCK TABLES `users` WRITE;
/*!40000 ALTER TABLE `users` DISABLE KEYS */;
INSERT INTO `users` VALUES (1,1,'John','Doe','johndoe@example.com','$2a$10$JEp3aiwNJMwfA0RgM13KDuYT/VBRurhUmmyjn9icKxqyErmhhCz0W',1,'users/qo0vpRbtEeY3k9soch7iTfAumN5Lw5XGaPJu0a1q.jpeg','IlaDK4kiHUZVd0T9apFzv3FIlCQijyazhCPxiAZEPgYNoXxifK4DHCcVOACr','2020-11-12 06:14:51','2021-02-27 14:14:13',NULL),(2,1,'Wyman','Littel','sophia.schowalter@example.org','$2y$10$6fU5rRavcgCbRwewY9PzleuenVmeZc588Es..HmbmSVsxZivLKXm2',0,NULL,'DbF5ErbEJA','2020-11-12 06:14:51','2020-11-12 06:14:51',NULL),(3,1,'Conner','Nader','vicenta39@example.org','$2y$10$U63.CDpbNGcHnKfIODeMoeGyAPztyYtQSn2wcPvjeMaWTT3klEq0W',1,NULL,'KBpfvfhWqN','2020-11-12 06:14:51','2020-11-13 08:29:08',NULL),(4,1,'Janick','Carter','alexandra87@example.org','$2y$10$ifaotZlC9GTyvSs3xOSlP.V1gt9Sn5yRILDQSI54kgciYbRISg5iO',0,NULL,'fh0PxRhsv2','2020-11-12 06:14:51','2020-11-12 06:14:51',NULL),(5,1,'Lucy','Altenwerth','beatty.kian@example.com','$2a$10$slTnCeMw5Aao3zJw9BhBYefz17fYYDyt5B8KLpqs1vU9kTxcl2R6S',1,NULL,'Xve0Hz7Lir','2020-11-12 06:14:51','2021-02-27 14:12:53',NULL),(6,1,'Annetta','Russel','rowan55@example.net','$2y$10$lGEeySFbCLc9iy2uD0PedOxs3WtSlyg/HMl2HeGIkA/nu4sQNI/wu',0,NULL,'Qe9rV3RWeP','2020-11-12 06:14:51','2020-11-12 06:14:51','2021-02-27 14:18:04');
/*!40000 ALTER TABLE `users` ENABLE KEYS */;
UNLOCK TABLES;
/*!40103 SET TIME_ZONE=@OLD_TIME_ZONE */;

/*!40101 SET SQL_MODE=@OLD_SQL_MODE */;
/*!40014 SET FOREIGN_KEY_CHECKS=@OLD_FOREIGN_KEY_CHECKS */;
/*!40014 SET UNIQUE_CHECKS=@OLD_UNIQUE_CHECKS */;
/*!40101 SET CHARACTER_SET_CLIENT=@OLD_CHARACTER_SET_CLIENT */;
/*!40101 SET CHARACTER_SET_RESULTS=@OLD_CHARACTER_SET_RESULTS */;
/*!40101 SET COLLATION_CONNECTION=@OLD_COLLATION_CONNECTION */;
/*!40111 SET SQL_NOTES=@OLD_SQL_NOTES */;

-- Dump completed on 2021-02-27 19:20:56
